estudiante,horas
1,5.801521100737495
2,7.582915090532792
3,8.551329412019667
4,4.435162756844781
5,7.76494962657326
6,7.857267070589089
7,6.560312047838422
8,6.594041773058976
9,6.572657601088061
10,6.181954605147076
11,6.677368760295744
12,6.051936266168355
13,6.318495326434412
14,7.327350580731523
15,8.401392870764926
16,7.1176574067310705
17,6.63678859303203
18,6.156565500044227
19,6.245393983677273
20,10.14900221418721
